<TextureAtlas imagePath="sheet.png">
	<SubTexture name="marco-runing_000.png" x="0" y="0" width="48" height="38"/>
	<SubTexture name="marco-runing_001.png" x="0" y="170" width="42" height="41"/>
	<SubTexture name="marco-runing_002.png" x="0" y="84" width="43" height="41"/>
	<SubTexture name="marco-runing_003.png" x="0" y="127" width="43" height="41"/>
	<SubTexture name="marco-runing_004.png" x="45" y="84" width="41" height="42"/>
	<SubTexture name="marco-runing_005.png" x="44" y="170" width="42" height="38"/>
	<SubTexture name="marco-runing_006.png" x="48" y="40" width="39" height="41"/>
	<SubTexture name="marco-runing_007.png" x="44" y="210" width="41" height="41"/>
	<SubTexture name="marco-runing_008.png" x="0" y="213" width="42" height="41"/>
	<SubTexture name="marco-runing_009.png" x="0" y="40" width="46" height="42"/>
	<SubTexture name="slice01_01.png" x="88" y="83" width="29" height="47"/>
	<SubTexture name="slice02_02.png" x="88" y="132" width="29" height="46"/>
	<SubTexture name="slice03_03.png" x="87" y="210" width="33" height="42"/>
	<SubTexture name="slice04_04.png" x="50" y="0" width="38" height="38"/>
</TextureAtlas>