{ "height":100,
 "layers":[
        {
         "height":100,
         "image":"mission-1.png",
         "name":"Mission1",
         "opacity":1,
         "type":"imagelayer",
         "visible":true,
         "width":488,
         "x":0,
         "y":0
        }, 
        {
         "height":100,
         "name":"collisions",
         "objects":[
                {
                 "height":0,
                 "name":"",
                 "polyline":[
                        {
                         "x":0,
                         "y":0
                        }, 
                        {
                         "x":492,
                         "y":32
                        }],
                 "properties":
                    {

                    },
                 "type":"",
                 "visible":true,
                 "width":0,
                 "x":71,
                 "y":282
                }, 
                {
                 "height":0,
                 "name":"",
                 "polyline":[
                        {
                         "x":0,
                         "y":0
                        }, 
                        {
                         "x":-594,
                         "y":-3
                        }],
                 "properties":
                    {

                    },
                 "type":"",
                 "visible":true,
                 "width":0,
                 "x":665,
                 "y":284
                }, 
                {
                 "height":0,
                 "name":"",
                 "polyline":[
                        {
                         "x":0,
                         "y":0
                        }, 
                        {
                         "x":1,
                         "y":32
                        }, 
                        {
                         "x":326,
                         "y":30
                        }],
                 "properties":
                    {

                    },
                 "type":"",
                 "visible":true,
                 "width":0,
                 "x":667,
                 "y":287
                }, 
                {
                 "height":0,
                 "name":"",
                 "polyline":[
                        {
                         "x":0,
                         "y":0
                        }, 
                        {
                         "x":2,
                         "y":35
                        }, 
                        {
                         "x":34,
                         "y":29
                        }],
                 "properties":
                    {

                    },
                 "type":"",
                 "visible":false,
                 "width":0,
                 "x":858,
                 "y":282
                }],
         "opacity":1,
         "type":"objectgroup",
         "visible":true,
         "width":488,
         "x":0,
         "y":0
        }],
 "orientation":"orthogonal",
 "properties":
    {

    },
 "tileheight":10,
 "tilesets":[],
 "tilewidth":10,
 "version":1,
 "width":488
}